,Country,anthem,currency,largestCity,officialLanguage,hypernym,sovereigntyType,timeZoneDst,timeZone,languages,utcOffset,utcOffsetDst,areaSqMi,currencyCode,dateFormat,drivesOn,gdpNominalYear,gdpPppYear,gini,giniChange,giniYear,hdiChange,hdiYear,languages2Type,nationalAnthem,nationalMotto,officialLanguages,patronSaint,populationCensus,populationCensusYear,populationDensitySqMi,populationEstimate,populationEstimateYear,language,motto,percentageOfAreaWater,giniCoefficient,aprHighC,aprLowC,aprMeanC,aprPrecipitationMm,augHighC,augLowC,augMeanC,augPrecipitationMm,d,decHighC,decLowC,decMeanC,decPrecipitationMm,febHighC,febLowC,febMeanC,febPrecipitationMm,janHighC,janLowC,janMeanC,janPrecipitationMm,julHighC,julLowC,julMeanC,julPrecipitationMm,junHighC,junLowC,junMeanC,junPrecipitationMm,location,marHighC,marLowC,marMeanC,marPrecipitationMm,mayHighC,mayLowC,mayMeanC,mayPrecipitationMm,metricFirst,novHighC,novLowC,novMeanC,novPrecipitationMm,octHighC,octLowC,octMeanC,octPrecipitationMm,religion,sepHighC,sepLowC,sepMeanC,sepPrecipitationMm,singleLine,source,width,yearHighC,yearLowC,yearMeanC,yearPrecipitationMm,ethnicGroupsYear,gdpNominalPerCapitaRank,gdpNominalRank,ethnicGroup,titlebar,gdpPppPerCapitaRank,languagesType,lowerHouse,religionYear,house,mapCaption,gdpPppRank,sovereigntyNote,giniRank,footerAlign,iso31661Code,perrow,Confirmed,Recovered,Active,New cases,New deaths,New recovered,Deaths / 100 Cases,Recovered / 100 Cases,Deaths / 100 Recovered,Confirmed last week,1 week change,1 week % increase,WHO Region
0,1,8,1,10,1,1,2,2,4,24,4,5,3,1,9,6,2020.0,2020.0,34.3,1,2019.0,1,2019.0,8,25,6,1,3,2821977.0,2011.0,254.0,14,4,12,10,4.7,34.3,-1.0,-1.0,-1.0,-1.0,-1.0,-1.0,-1.0,-1.0,0,-1.0,0,-1.0,-1.0,-1.0,0,-1.0,-1.0,-1.0,0,-1.0,-1.0,-1.0,-1.0,-1.0,-1.0,-1.0,-1.0,-1.0,-1.0,0,-1.0,0,-1.0,-1.0,-1.0,-1.0,-1.0,-1.0,0,-1.0,-1.0,-1.0,-1.0,-1.0,-1.0,-1.0,-1.0,0,-1.0,-1.0,-1.0,-1.0,0,0,-1.0,-1.0,-1.0,-1.0,-1.0,0,-1.0,-1.0,0,0,-1.0,0,0,0,0,0,0,0,-1.0,0,0,-1.0,4880.0,2745.0,1991.0,117.0,6.0,63.0,2.95,56.25,5.25,4171.0,709.0,17.0,1
1,2,0,13,12,6,4,37,2,4,0,4,5,16,9,0,6,2018.0,-1.0,27.21,0,2003.0,1,2019.0,0,11,7,5,0,-1.0,2014.0,465.7,37,7,0,11,0.26,27.21,13.3,1.7,7.5,71.2,25.4,11.4,18.5,85.6,3,7.5,1,3.0,67.9,8.9,1,3.5,37.9,6.9,1,2.2,53.1,26.2,11.4,18.8,60.7,21.9,8.8,15.4,84.2,1,11.7,1,5.8,40.5,17.6,5.3,11.5,89.8,2,10.7,0.6,5.7,68.4,16.0,4.7,10.3,72.4,1,21.4,8.5,14.9,80.9,2,1,150.0,15.6,3.9,9.8,812.3,11,-1.0,-1.0,0,0,-1.0,0,0,0,0,0,0,0,-1.0,0,0,-1.0,907.0,803.0,52.0,10.0,0.0,0.0,5.73,88.53,6.48,884.0,23.0,2.6,1
2,3,18,9,12,2,7,3,0,1,0,8,0,4,2,0,6,2019.0,2019.0,29.9,1,2019.0,1,2019.0,0,28,0,2,0,-1.0,2011.0,262.9,15,15,0,0,4.71,29.9,-1.0,-1.0,-1.0,-1.0,-1.0,-1.0,-1.0,-1.0,0,-1.0,0,-1.0,-1.0,-1.0,0,-1.0,-1.0,-1.0,0,-1.0,-1.0,-1.0,-1.0,-1.0,-1.0,-1.0,-1.0,-1.0,-1.0,0,-1.0,0,-1.0,-1.0,-1.0,-1.0,-1.0,-1.0,0,-1.0,-1.0,-1.0,-1.0,-1.0,-1.0,-1.0,-1.0,6,-1.0,-1.0,-1.0,-1.0,0,0,198.0,-1.0,-1.0,-1.0,-1.0,6,104.0,127.0,21,0,-1.0,0,0,0,0,0,0,0,-1.0,0,0,-1.0,37390.0,26665.0,10014.0,73.0,6.0,187.0,1.9,71.32,2.67,34981.0,2409.0,6.89,1
3,4,0,10,12,0,6,4,2,4,2,4,5,26,9,0,6,2019.0,2018.0,27.0,1,2020.0,1,2019.0,6,0,0,0,0,-1.0,-1.0,262.6,41,5,14,0,0.84,27.0,7.1,-1.3,2.9,87.0,14.3,7.7,12.2,138.0,0,0.1,3,-3.3,72.0,0.3,3,-3.7,66.0,-0.7,3,-4.5,73.0,16.8,8.0,12.7,148.0,17.4,6.0,10.6,126.0,6,3.5,3,-0.6,80.0,11.8,2.8,7.3,115.0,1,3.7,-2.9,0.4,83.0,9.7,1.6,5.6,74.0,0,15.1,5.6,9.9,96.0,1,0,-1.0,-1.0,-1.0,-1.0,-1.0,7,15.0,27.0,35,1,17.0,11,15,7,7,0,0,0,-1.0,0,0,-1.0,20558.0,18246.0,1599.0,86.0,1.0,37.0,3.47,88.75,3.91,19743.0,815.0,4.13,1
4,5,0,2,12,3,1,5,0,2,11,8,0,27,3,0,6,2019.0,2019.0,33.7,2,2008.0,1,2019.0,0,0,0,3,0,-1.0,-1.0,293.0,1,9,17,0,1.6,33.7,-1.0,-1.0,-1.0,-1.0,-1.0,-1.0,-1.0,-1.0,0,-1.0,0,-1.0,-1.0,-1.0,0,-1.0,-1.0,-1.0,0,-1.0,-1.0,-1.0,-1.0,-1.0,-1.0,-1.0,-1.0,-1.0,-1.0,0,-1.0,0,-1.0,-1.0,-1.0,-1.0,-1.0,-1.0,0,-1.0,-1.0,-1.0,-1.0,-1.0,-1.0,-1.0,-1.0,7,-1.0,-1.0,-1.0,-1.0,0,0,200.0,-1.0,-1.0,-1.0,-1.0,4,-1.0,-1.0,12,0,-1.0,4,0,0,0,3,0,0,-1.0,0,0,-1.0,30446.0,23242.0,6781.0,396.0,6.0,558.0,1.39,76.34,1.82,27890.0,2556.0,9.16,1
5,6,21,3,12,4,1,6,0,8,0,7,0,38,6,7,6,2020.0,2020.0,25.3,2,2019.0,1,2019.0,9,34,0,0,0,9413446.0,2019.0,120.8,44,8,32,0,1.4,25.3,-1.0,-1.0,-1.0,-1.0,-1.0,-1.0,-1.0,-1.0,0,-1.0,0,-1.0,-1.0,-1.0,0,-1.0,-1.0,-1.0,0,-1.0,-1.0,-1.0,-1.0,-1.0,-1.0,-1.0,-1.0,-1.0,-1.0,0,-1.0,0,-1.0,-1.0,-1.0,-1.0,-1.0,-1.0,0,-1.0,-1.0,-1.0,-1.0,-1.0,-1.0,-1.0,-1.0,0,-1.0,-1.0,-1.0,-1.0,0,0,-1.0,-1.0,-1.0,-1.0,-1.0,13,84.0,75.0,22,0,66.0,0,9,1,6,0,29,0,-1.0,0,0,-1.0,67251.0,60492.0,6221.0,119.0,4.0,67.0,0.8,89.95,0.89,66213.0,1038.0,1.57,1
6,7,13,10,12,13,7,1,2,4,0,4,5,0,9,0,6,2020.0,2020.0,25.4,1,2020.0,1,2019.0,0,5,0,11,0,-1.0,-1.0,-1.0,4,7,0,6,0.71,25.4,-1.0,-1.0,-1.0,-1.0,-1.0,-1.0,-1.0,-1.0,0,-1.0,0,-1.0,-1.0,-1.0,0,-1.0,-1.0,-1.0,0,-1.0,-1.0,-1.0,-1.0,-1.0,-1.0,-1.0,-1.0,-1.0,-1.0,0,-1.0,0,-1.0,-1.0,-1.0,-1.0,-1.0,-1.0,0,-1.0,-1.0,-1.0,-1.0,-1.0,-1.0,-1.0,-1.0,2,-1.0,-1.0,-1.0,-1.0,0,7,33.0,-1.0,-1.0,-1.0,-1.0,0,16.0,26.0,0,0,18.0,0,5,8,3,0,16,5,-1.0,0,0,-1.0,66428.0,17452.0,39154.0,402.0,1.0,14.0,14.79,26.27,56.28,64094.0,2334.0,3.64,1
7,8,22,4,12,0,1,7,2,4,16,4,5,19,4,6,2,2021.0,2021.0,32.7,1,2015.0,1,2019.0,3,3,0,0,0,3531159.0,2013.0,179.0,19,8,3,0,1.4,32.7,-1.0,-1.0,-1.0,-1.0,-1.0,-1.0,-1.0,-1.0,0,-1.0,0,-1.0,-1.0,-1.0,0,-1.0,-1.0,-1.0,0,-1.0,-1.0,-1.0,-1.0,-1.0,-1.0,-1.0,-1.0,-1.0,-1.0,0,-1.0,0,-1.0,-1.0,-1.0,-1.0,-1.0,-1.0,0,-1.0,-1.0,-1.0,-1.0,-1.0,-1.0,-1.0,-1.0,19,-1.0,-1.0,-1.0,-1.0,0,0,220.0,-1.0,-1.0,-1.0,-1.0,8,89.0,115.0,0,1,77.0,9,10,2,11,0,3,0,47.0,0,0,-1.0,10498.0,4930.0,5274.0,731.0,14.0,375.0,2.8,46.96,5.96,8479.0,2019.0,23.81,1
8,9,19,5,12,5,1,8,4,5,4,6,6,32,5,0,6,2021.0,2021.0,40.0,1,2020.0,2,2019.0,0,29,0,4,0,-1.0,-1.0,166.0,35,12,5,0,2.16,40.0,-1.0,-1.0,-1.0,-1.0,-1.0,-1.0,-1.0,-1.0,0,-1.0,0,-1.0,-1.0,-1.0,0,-1.0,-1.0,-1.0,0,-1.0,-1.0,-1.0,-1.0,-1.0,-1.0,-1.0,-1.0,-1.0,-1.0,0,-1.0,0,-1.0,-1.0,-1.0,-1.0,-1.0,-1.0,0,-1.0,-1.0,-1.0,-1.0,-1.0,-1.0,-1.0,-1.0,0,-1.0,-1.0,-1.0,-1.0,0,0,129.0,-1.0,-1.0,-1.0,-1.0,6,61.0,68.0,18,0,55.0,12,0,0,0,0,31,0,-1.0,0,0,-1.0,10621.0,5585.0,4689.0,194.0,7.0,230.0,3.27,52.58,6.21,8929.0,1692.0,18.95,1
9,10,1,7,12,7,7,0,2,4,13,4,5,20,11,8,6,2020.0,2020.0,28.3,1,2020.0,1,2019.0,0,0,0,6,9,4284889.0,2011.0,189.0,23,7,20,0,1.09,28.3,-1.0,-1.0,-1.0,-1.0,-1.0,-1.0,-1.0,-1.0,0,-1.0,0,-1.0,-1.0,-1.0,0,-1.0,-1.0,-1.0,0,-1.0,-1.0,-1.0,-1.0,-1.0,-1.0,-1.0,-1.0,-1.0,-1.0,0,-1.0,0,-1.0,-1.0,-1.0,-1.0,-1.0,-1.0,0,-1.0,-1.0,-1.0,-1.0,-1.0,-1.0,-1.0,-1.0,0,-1.0,-1.0,-1.0,-1.0,0,0,190.0,-1.0,-1.0,-1.0,-1.0,6,55.0,77.0,23,0,49.0,20,0,1,0,0,33,0,-1.0,0,0,-1.0,4881.0,3936.0,806.0,24.0,3.0,70.0,2.85,80.64,3.53,4370.0,511.0,11.69,1
10,11,0,10,12,31,1,37,4,5,0,6,6,28,9,0,4,2019.0,2019.0,31.1,2,2019.0,1,2019.0,12,17,0,0,0,838897.0,2011.0,319.5,0,0,4,0,9.0,31.1,-1.0,-1.0,-1.0,-1.0,-1.0,-1.0,-1.0,-1.0,0,-1.0,0,-1.0,-1.0,-1.0,0,-1.0,-1.0,-1.0,0,-1.0,-1.0,-1.0,-1.0,-1.0,-1.0,-1.0,-1.0,-1.0,-1.0,0,-1.0,0,-1.0,-1.0,-1.0,-1.0,-1.0,-1.0,0,-1.0,-1.0,-1.0,-1.0,-1.0,-1.0,-1.0,-1.0,0,-1.0,-1.0,-1.0,-1.0,0,0,227.0,-1.0,-1.0,-1.0,-1.0,0,33.0,114.0,2,1,35.0,4,0,9,0,4,4,0,-1.0,0,0,-1.0,1060.0,852.0,189.0,3.0,0.0,0.0,1.79,80.38,2.23,1038.0,22.0,2.12,1
11,0,0,0,0,0,0,0,0,0,0,0,0,0,0,0,0,-1.0,-1.0,-1.0,0,-1.0,0,-1.0,0,0,0,0,0,-1.0,-1.0,-1.0,0,0,0,0,-1.0,-1.0,-1.0,-1.0,-1.0,-1.0,-1.0,-1.0,-1.0,-1.0,0,-1.0,0,-1.0,-1.0,-1.0,0,-1.0,-1.0,-1.0,0,-1.0,-1.0,-1.0,-1.0,-1.0,-1.0,-1.0,-1.0,-1.0,-1.0,0,-1.0,0,-1.0,-1.0,-1.0,-1.0,-1.0,-1.0,0,-1.0,-1.0,-1.0,-1.0,-1.0,-1.0,-1.0,-1.0,0,-1.0,-1.0,-1.0,-1.0,0,0,-1.0,-1.0,-1.0,-1.0,-1.0,0,-1.0,-1.0,0,0,-1.0,0,0,0,0,0,0,0,-1.0,0,0,-1.0,-1.0,-1.0,-1.0,-1.0,-1.0,-1.0,-1.0,-1.0,-1.0,-1.0,-1.0,-1.0,0
12,12,0,8,12,8,1,9,2,4,0,4,5,0,8,2,3,2018.0,2018.0,27.3,1,2020.0,1,2019.0,0,0,0,7,0,-1.0,-1.0,-1.0,28,16,13,0,1.74,27.3,11.5,3.6,7.5,37.0,21.2,13.5,17.2,91.0,0,4.2,8,2.2,61.0,3.3,8,1.2,50.0,3.3,8,1.5,66.0,21.6,13.4,17.4,77.0,18.5,10.6,14.6,68.0,4,6.1,8,3.0,43.0,15.5,7.4,11.4,53.0,1,7.9,3.2,5.7,75.0,12.3,6.2,9.4,83.0,10,17.5,10.2,13.8,62.0,1,0,-1.0,11.9,5.5,8.8,765.0,0,6.0,34.0,9,0,19.0,0,0,9,0,7,24,0,-1.0,1,0,-1.0,13761.0,12605.0,543.0,109.0,0.0,77.0,4.45,91.6,4.86,13453.0,308.0,2.29,1
13,13,20,10,8,0,1,10,4,5,0,2,4,14,9,0,0,2021.0,2021.0,30.5,3,2020.0,1,2019.0,0,35,0,0,0,1294455.0,-1.0,75.0,5,8,0,0,5.16,30.5,-1.0,-1.0,-1.0,-1.0,-1.0,-1.0,-1.0,-1.0,0,-1.0,0,-1.0,-1.0,-1.0,0,-1.0,-1.0,-1.0,0,-1.0,-1.0,-1.0,-1.0,-1.0,-1.0,-1.0,-1.0,-1.0,-1.0,0,-1.0,0,-1.0,-1.0,-1.0,-1.0,-1.0,-1.0,0,-1.0,-1.0,-1.0,-1.0,-1.0,-1.0,-1.0,-1.0,0,-1.0,-1.0,-1.0,-1.0,0,0,124.0,-1.0,-1.0,-1.0,-1.0,15,35.0,97.0,0,0,37.0,7,0,1,0,0,0,3,-1.0,0,0,-1.0,2034.0,1923.0,42.0,0.0,0.0,1.0,3.39,94.54,3.59,2021.0,13.0,0.64,1
14,14,0,10,12,11,7,41,4,5,0,6,6,8,9,3,6,2020.0,2020.0,26.5,2,2020.0,1,2019.0,0,34,0,0,0,-1.0,-1.0,41.0,26,3,9,0,9.71,26.5,-1.0,-1.0,-1.0,-1.0,-1.0,-1.0,-1.0,-1.0,0,-1.0,0,-1.0,-1.0,-1.0,0,-1.0,-1.0,-1.0,0,-1.0,-1.0,-1.0,-1.0,-1.0,-1.0,-1.0,-1.0,-1.0,-1.0,0,-1.0,0,-1.0,-1.0,-1.0,-1.0,-1.0,-1.0,0,-1.0,-1.0,-1.0,-1.0,-1.0,-1.0,-1.0,-1.0,0,-1.0,-1.0,-1.0,-1.0,0,0,180.0,-1.0,-1.0,-1.0,-1.0,14,14.0,43.0,5,0,19.0,0,0,9,0,0,28,2,-1.0,0,0,-1.0,7398.0,6920.0,149.0,5.0,0.0,0.0,4.45,93.54,4.75,7340.0,58.0,0.79,1
15,15,14,6,12,0,7,11,1,4,6,4,5,22,0,9,6,2021.0,2021.0,29.2,2,2019.0,1,2019.0,0,33,1,0,0,-1.0,-1.0,301.0,33,14,10,5,0.86,29.2,-1.0,-1.0,-1.0,-1.0,-1.0,-1.0,-1.0,-1.0,0,-1.0,0,-1.0,-1.0,-1.0,0,-1.0,-1.0,-1.0,0,-1.0,-1.0,-1.0,-1.0,-1.0,-1.0,-1.0,-1.0,-1.0,-1.0,0,-1.0,0,-1.0,-1.0,-1.0,-1.0,-1.0,-1.0,0,-1.0,-1.0,-1.0,-1.0,-1.0,-1.0,-1.0,-1.0,0,-1.0,-1.0,-1.0,-1.0,0,0,-1.0,-1.0,-1.0,-1.0,-1.0,0,24.0,7.0,0,0,25.0,7,13,9,14,0,35,0,-1.0,0,0,-1.0,220352.0,81212.0,108928.0,2551.0,17.0,267.0,13.71,36.86,37.2,214023.0,6329.0,2.96,1
16,0,0,0,0,0,0,0,0,0,0,0,0,0,0,0,0,-1.0,-1.0,-1.0,0,-1.0,0,-1.0,0,0,0,0,0,-1.0,-1.0,-1.0,0,0,0,0,-1.0,-1.0,-1.0,-1.0,-1.0,-1.0,-1.0,-1.0,-1.0,-1.0,0,-1.0,0,-1.0,-1.0,-1.0,0,-1.0,-1.0,-1.0,0,-1.0,-1.0,-1.0,-1.0,-1.0,-1.0,-1.0,-1.0,-1.0,-1.0,0,-1.0,0,-1.0,-1.0,-1.0,-1.0,-1.0,-1.0,0,-1.0,-1.0,-1.0,-1.0,-1.0,-1.0,-1.0,-1.0,0,-1.0,-1.0,-1.0,-1.0,0,0,-1.0,-1.0,-1.0,-1.0,-1.0,0,-1.0,-1.0,0,0,-1.0,0,0,0,0,0,0,0,-1.0,0,0,-1.0,-1.0,-1.0,-1.0,-1.0,-1.0,-1.0,-1.0,-1.0,-1.0,-1.0,-1.0,-1.0,0
17,16,2,10,12,0,6,12,2,4,7,4,5,10,9,0,3,2021.0,2021.0,29.7,1,2019.0,1,2019.0,0,16,0,0,0,-1.0,-1.0,601.0,38,7,11,0,1.27,29.7,-1.0,-1.0,-1.0,-1.0,-1.0,-1.0,-1.0,-1.0,0,-1.0,0,-1.0,-1.0,-1.0,0,-1.0,-1.0,-1.0,0,-1.0,-1.0,-1.0,-1.0,-1.0,-1.0,-1.0,-1.0,-1.0,-1.0,0,-1.0,0,-1.0,-1.0,-1.0,-1.0,-1.0,-1.0,0,-1.0,-1.0,-1.0,-1.0,-1.0,-1.0,-1.0,-1.0,0,-1.0,-1.0,-1.0,-1.0,0,0,155.0,-1.0,-1.0,-1.0,-1.0,0,15.0,4.0,0,0,15.0,7,2,0,1,0,22,0,-1.0,0,0,-1.0,207112.0,190314.0,7673.0,445.0,1.0,259.0,4.41,91.89,4.79,203325.0,3787.0,1.86,1
18,17,9,10,12,0,1,13,4,5,8,2,4,33,9,1,6,2020.0,2020.0,31.1,2,2020.0,1,2019.0,0,0,0,0,0,10816286.0,2011.0,212.0,3,7,12,8,1.51,31.1,-1.0,-1.0,-1.0,-1.0,-1.0,-1.0,-1.0,-1.0,0,-1.0,0,-1.0,-1.0,-1.0,0,-1.0,-1.0,-1.0,0,-1.0,-1.0,-1.0,-1.0,-1.0,-1.0,-1.0,-1.0,-1.0,-1.0,0,-1.0,0,-1.0,-1.0,-1.0,-1.0,-1.0,-1.0,0,-1.0,-1.0,-1.0,-1.0,-1.0,-1.0,-1.0,-1.0,11,-1.0,-1.0,-1.0,-1.0,0,0,211.0,-1.0,-1.0,-1.0,-1.0,0,41.0,51.0,0,0,47.0,7,0,6,0,0,25,0,60.0,2,0,-1.0,4227.0,1374.0,2651.0,34.0,0.0,0.0,4.78,32.51,14.7,4012.0,215.0,5.36,1
19,0,0,8,12,0,1,0,0,0,5,0,0,40,8,4,6,-1.0,2011.0,33.9,3,2015.0,1,2010.0,0,0,0,12,0,-1.0,-1.0,0.069,27,7,0,0,-1.0,-1.0,-1.0,-1.0,-1.0,-1.0,-1.0,-1.0,-1.0,-1.0,2,-1.0,0,-1.0,-1.0,-1.0,0,-1.0,-1.0,-1.0,0,-1.0,-1.0,-1.0,-1.0,-1.0,-1.0,-1.0,-1.0,-1.0,-1.0,0,-1.0,0,-1.0,-1.0,-1.0,-1.0,-1.0,-1.0,0,-1.0,-1.0,-1.0,-1.0,-1.0,-1.0,-1.0,-1.0,6,-1.0,-1.0,-1.0,-1.0,0,0,-1.0,-1.0,-1.0,-1.0,-1.0,12,-1.0,-1.0,0,1,40.0,14,0,0,0,5,38,0,-1.0,1,0,-1.0,-1.0,-1.0,-1.0,-1.0,-1.0,-1.0,-1.0,-1.0,-1.0,-1.0,-1.0,-1.0,0
20,0,0,0,0,0,3,42,0,0,10,0,0,0,0,0,0,-1.0,-1.0,-1.0,0,-1.0,0,-1.0,13,0,0,0,7,-1.0,-1.0,-1.0,0,0,0,0,-1.0,-1.0,-1.0,-1.0,-1.0,-1.0,-1.0,-1.0,-1.0,-1.0,0,-1.0,0,-1.0,-1.0,-1.0,0,-1.0,-1.0,-1.0,0,-1.0,-1.0,-1.0,-1.0,-1.0,-1.0,-1.0,-1.0,-1.0,-1.0,0,-1.0,0,-1.0,-1.0,-1.0,-1.0,-1.0,-1.0,0,-1.0,-1.0,-1.0,-1.0,-1.0,-1.0,-1.0,-1.0,1,-1.0,-1.0,-1.0,-1.0,0,0,100.0,-1.0,-1.0,-1.0,-1.0,0,-1.0,-1.0,0,0,-1.0,0,0,0,0,0,0,0,-1.0,0,0,-1.0,-1.0,-1.0,-1.0,-1.0,-1.0,-1.0,-1.0,-1.0,-1.0,-1.0,-1.0,-1.0,0
21,18,0,14,12,14,7,14,2,4,0,4,5,29,12,11,6,2020.0,2020.0,28.3,2,2020.0,1,2019.0,0,34,0,13,10,-1.0,-1.0,9769526.0,43,8,0,0,3.7,28.3,-1.0,-1.0,-1.0,-1.0,-1.0,-1.0,-1.0,-1.0,0,-1.0,0,-1.0,-1.0,-1.0,0,-1.0,-1.0,-1.0,0,-1.0,-1.0,-1.0,-1.0,-1.0,-1.0,-1.0,-1.0,-1.0,-1.0,0,-1.0,0,-1.0,-1.0,-1.0,-1.0,-1.0,-1.0,0,-1.0,-1.0,-1.0,-1.0,-1.0,-1.0,-1.0,-1.0,0,-1.0,-1.0,-1.0,-1.0,0,0,143.0,-1.0,-1.0,-1.0,-1.0,17,45.0,53.0,8,0,41.0,0,0,11,0,0,25,0,-1.0,0,0,-1.0,4448.0,3329.0,523.0,13.0,0.0,0.0,13.4,74.84,17.9,4339.0,109.0,2.51,1
22,19,16,15,12,0,1,15,0,13,9,0,0,30,14,9,2,2020.0,2020.0,23.2,1,2018.0,1,2019.0,0,6,0,0,8,315556.0,2011.0,9.2,18,8,15,0,2.07,23.2,-1.0,-1.0,-1.0,-1.0,-1.0,-1.0,-1.0,-1.0,0,-1.0,0,-1.0,-1.0,-1.0,0,-1.0,-1.0,-1.0,0,-1.0,-1.0,-1.0,-1.0,-1.0,-1.0,-1.0,-1.0,-1.0,-1.0,0,-1.0,0,-1.0,-1.0,-1.0,-1.0,-1.0,-1.0,0,-1.0,-1.0,-1.0,-1.0,-1.0,-1.0,-1.0,-1.0,18,-1.0,-1.0,-1.0,-1.0,0,0,200.0,-1.0,-1.0,-1.0,-1.0,12,5.0,-1.0,15,0,16.0,7,0,9,0,0,9,0,2.0,0,0,-1.0,1854.0,1823.0,21.0,7.0,0.0,0.0,0.54,98.33,0.55,1839.0,15.0,0.82,1
23,0,0,0,0,0,2,0,0,0,23,11,0,0,0,0,0,-1.0,-1.0,-1.0,0,-1.0,0,-1.0,0,0,0,0,0,-1.0,-1.0,-1.0,0,0,0,0,-1.0,-1.0,-1.0,-1.0,-1.0,-1.0,-1.0,-1.0,-1.0,-1.0,0,-1.0,0,-1.0,-1.0,-1.0,0,-1.0,-1.0,-1.0,0,-1.0,-1.0,-1.0,-1.0,-1.0,-1.0,-1.0,-1.0,-1.0,-1.0,5,-1.0,0,-1.0,-1.0,-1.0,-1.0,-1.0,-1.0,1,-1.0,-1.0,-1.0,-1.0,-1.0,-1.0,-1.0,-1.0,0,-1.0,-1.0,-1.0,-1.0,1,0,-1.0,-1.0,-1.0,-1.0,-1.0,0,-1.0,-1.0,0,0,-1.0,0,0,0,0,0,0,0,-1.0,0,0,-1.0,-1.0,-1.0,-1.0,-1.0,-1.0,-1.0,-1.0,-1.0,-1.0,-1.0,-1.0,-1.0,0
24,20,7,20,12,21,7,39,5,6,1,6,6,39,13,4,6,2020.0,2020.0,34.8,0,2018.0,1,2019.0,0,24,0,21,0,7412200.0,2008.0,-1.0,0,0,23,0,2.71,34.8,-1.0,-1.0,-1.0,-1.0,-1.0,-1.0,-1.0,-1.0,8,-1.0,0,-1.0,-1.0,-1.0,0,-1.0,-1.0,-1.0,0,-1.0,-1.0,-1.0,-1.0,-1.0,-1.0,-1.0,-1.0,-1.0,-1.0,0,-1.0,0,-1.0,-1.0,-1.0,-1.0,-1.0,-1.0,0,-1.0,-1.0,-1.0,-1.0,-1.0,-1.0,-1.0,-1.0,13,-1.0,-1.0,-1.0,-1.0,0,0,727.0,-1.0,-1.0,-1.0,-1.0,13,19.0,31.0,1,0,34.0,17,0,8,0,1,23,0,48.0,0,3,-1.0,63985.0,27133.0,36378.0,2029.0,4.0,108.0,0.74,42.41,1.75,52003.0,11982.0,23.04,1
25,21,0,12,12,15,6,16,2,4,12,4,5,5,9,0,6,2021.0,2021.0,32.8,1,2019.0,1,2019.0,0,12,0,15,0,59433744.0,2011.0,521.5,29,7,18,0,1.24,32.8,-1.0,-1.0,-1.0,-1.0,-1.0,-1.0,-1.0,-1.0,5,-1.0,0,-1.0,-1.0,-1.0,0,-1.0,-1.0,-1.0,0,-1.0,-1.0,-1.0,-1.0,-1.0,-1.0,-1.0,-1.0,-1.0,-1.0,0,-1.0,0,-1.0,-1.0,-1.0,-1.0,-1.0,-1.0,0,-1.0,-1.0,-1.0,-1.0,-1.0,-1.0,-1.0,-1.0,0,-1.0,-1.0,-1.0,-1.0,0,0,500.0,-1.0,-1.0,-1.0,-1.0,11,25.0,8.0,10,1,29.0,6,3,9,2,0,6,0,-1.0,0,0,2.0,246286.0,198593.0,12581.0,168.0,5.0,147.0,14.26,80.64,17.68,244624.0,1662.0,0.68,1
26,22,17,16,1,16,1,17,0,9,3,5,0,2,16,0,6,2020.0,2020.0,27.5,2,2017.0,1,2019.0,4,27,0,16,0,-1.0,-1.0,18.0,6,7,16,0,1.7,27.5,-1.0,-1.0,-1.0,-1.0,-1.0,-1.0,-1.0,-1.0,0,-1.0,0,-1.0,-1.0,-1.0,0,-1.0,-1.0,-1.0,0,-1.0,-1.0,-1.0,-1.0,-1.0,-1.0,-1.0,-1.0,-1.0,-1.0,0,-1.0,0,-1.0,-1.0,-1.0,-1.0,-1.0,-1.0,0,-1.0,-1.0,-1.0,-1.0,-1.0,-1.0,-1.0,-1.0,0,-1.0,-1.0,-1.0,-1.0,0,0,-1.0,-1.0,-1.0,-1.0,-1.0,14,69.0,55.0,11,1,53.0,1,12,0,15,0,19,0,-1.0,0,0,-1.0,84648.0,54404.0,29659.0,1526.0,0.0,1833.0,0.69,64.27,1.08,73468.0,11180.0,15.22,1
27,23,5,12,12,1,8,0,2,4,0,4,5,31,9,7,4,2020.0,2020.0,29.0,2,2017.0,1,2016.0,11,23,0,0,0,-1.0,2011.0,412.0,9,8,29,0,1.0,29.0,-1.0,-1.0,-1.0,-1.0,-1.0,-1.0,-1.0,-1.0,0,-1.0,0,-1.0,-1.0,-1.0,0,-1.0,-1.0,-1.0,0,-1.0,-1.0,-1.0,-1.0,-1.0,-1.0,-1.0,-1.0,-1.0,-1.0,0,-1.0,0,-1.0,-1.0,-1.0,-1.0,-1.0,-1.0,0,-1.0,-1.0,-1.0,-1.0,-1.0,-1.0,-1.0,-1.0,8,-1.0,-1.0,-1.0,-1.0,0,0,900.0,-1.0,-1.0,-1.0,-1.0,3,-1.0,-1.0,31,1,-1.0,0,0,1,0,2,0,0,121.0,0,10,-1.0,7413.0,4027.0,3201.0,496.0,16.0,274.0,2.5,54.32,4.59,5877.0,1536.0,26.14,1
28,24,23,17,12,17,1,18,0,7,18,10,0,0,15,0,6,2019.0,2019.0,27.7,2,2018.0,1,2019.0,0,20,0,17,0,5362800.0,2009.0,71.0,32,7,26,0,3.6,27.7,-1.0,-1.0,-1.0,-1.0,-1.0,-1.0,-1.0,-1.0,9,-1.0,0,-1.0,-1.0,-1.0,0,-1.0,-1.0,-1.0,0,-1.0,-1.0,-1.0,-1.0,-1.0,-1.0,-1.0,-1.0,-1.0,-1.0,0,-1.0,0,-1.0,-1.0,-1.0,-1.0,-1.0,-1.0,0,-1.0,-1.0,-1.0,-1.0,-1.0,-1.0,-1.0,-1.0,6,-1.0,-1.0,-1.0,-1.0,0,0,-1.0,-1.0,-1.0,-1.0,-1.0,13,158.0,141.0,29,1,134.0,1,0,0,0,0,5,0,-1.0,0,4,-1.0,33296.0,21205.0,10790.0,483.0,24.0,817.0,3.91,63.69,6.14,27143.0,6153.0,22.67,1
29,25,4,10,12,18,1,19,4,5,0,6,6,23,9,0,6,2021.0,2021.0,35.2,1,2019.0,1,2019.0,0,14,0,18,0,2070371.0,2011.0,77.0,7,7,0,0,2.09,35.2,-1.0,-1.0,-1.0,-1.0,-1.0,-1.0,-1.0,-1.0,0,-1.0,0,-1.0,-1.0,-1.0,0,-1.0,-1.0,-1.0,0,-1.0,-1.0,-1.0,-1.0,-1.0,-1.0,-1.0,-1.0,-1.0,-1.0,0,-1.0,0,-1.0,-1.0,-1.0,-1.0,-1.0,-1.0,0,-1.0,-1.0,-1.0,-1.0,-1.0,-1.0,-1.0,-1.0,0,-1.0,-1.0,-1.0,-1.0,0,0,220.0,-1.0,-1.0,-1.0,-1.0,13,-1.0,-1.0,33,0,-1.0,0,0,0,0,0,0,1,-1.0,0,0,-1.0,1219.0,1045.0,143.0,0.0,0.0,0.0,2.54,85.73,2.97,1192.0,27.0,2.27,1
30,26,26,28,6,13,0,38,3,4,0,1,3,36,7,0,6,2010.0,2013.0,-1.0,0,-1.0,1,2019.0,0,30,3,11,0,-1.0,-1.0,-1.0,22,0,0,3,2.7,-1.0,-1.0,-1.0,-1.0,-1.0,-1.0,-1.0,-1.0,-1.0,4,-1.0,0,-1.0,-1.0,-1.0,0,-1.0,-1.0,-1.0,0,-1.0,-1.0,-1.0,-1.0,-1.0,-1.0,-1.0,-1.0,-1.0,-1.0,0,-1.0,0,-1.0,-1.0,-1.0,-1.0,-1.0,-1.0,0,-1.0,-1.0,-1.0,-1.0,-1.0,-1.0,-1.0,-1.0,3,-1.0,-1.0,-1.0,-1.0,0,0,-1.0,-1.0,-1.0,-1.0,-1.0,0,1.0,147.0,0,0,3.0,0,0,4,0,0,10,0,-1.0,0,0,-1.0,86.0,81.0,4.0,0.0,0.0,0.0,1.16,94.19,1.23,86.0,0.0,0.0,1
31,27,32,10,12,19,1,20,4,5,0,6,6,24,9,10,6,2021.0,2021.0,35.4,1,2019.0,1,2019.0,0,31,0,19,0,-1.0,-1.0,111.0,13,8,0,0,1.98,35.4,9.4,1.5,5.5,42.9,20.6,11.9,16.1,77.0,0,-0.1,2,-1.7,47.0,-1.3,2,-3.5,30.1,-1.7,2,-3.9,36.2,20.9,12.2,16.7,76.9,19.9,10.5,15.2,69.0,7,2.3,2,-0.1,33.9,16.5,7.0,11.6,52.0,3,3.5,0.1,1.8,50.4,9.9,4.0,7.0,49.9,0,15.8,8.3,12.2,60.3,3,5,300.0,9.5,2.7,6.2,625.5,16,38.0,80.0,16,1,34.0,0,0,5,0,0,34,0,-1.0,1,0,-1.0,2019.0,1620.0,319.0,11.0,0.0,4.0,3.96,80.24,4.94,1947.0,72.0,3.7,1
32,28,27,10,12,20,1,37,2,4,0,4,5,44,9,9,6,2019.0,2020.0,32.3,2,2019.0,1,2019.0,0,9,0,10,0,512353.0,2011.0,602.8,31,13,0,0,0.23,32.3,-1.0,-1.0,-1.0,-1.0,-1.0,-1.0,-1.0,-1.0,0,-1.0,0,-1.0,-1.0,-1.0,0,-1.0,-1.0,-1.0,0,-1.0,-1.0,-1.0,-1.0,-1.0,-1.0,-1.0,-1.0,-1.0,-1.0,0,-1.0,0,-1.0,-1.0,-1.0,-1.0,-1.0,-1.0,0,-1.0,-1.0,-1.0,-1.0,-1.0,-1.0,-1.0,-1.0,0,-1.0,-1.0,-1.0,-1.0,0,0,-1.0,-1.0,-1.0,-1.0,-1.0,0,1.0,69.0,0,0,2.0,0,0,7,0,0,37,0,19.0,0,0,-1.0,6321.0,4825.0,1384.0,49.0,0.0,178.0,1.77,76.33,2.32,5639.0,682.0,12.09,1
33,29,0,10,7,10,1,37,1,3,14,4,5,7,9,9,5,2019.0,2019.0,28.0,1,2019.0,1,2019.0,0,34,0,20,0,-1.0,2011.0,4231.0,0,6,21,0,0.001,28.0,19.8,12.4,16.1,20.7,31.8,22.6,27.2,12.8,0,17.1,6,14.4,109.2,15.6,7,12.5,60.1,15.6,7,12.8,98.5,31.5,21.7,26.6,0.3,28.6,19.1,23.9,4.6,8,17.3,4,13.9,44.2,24.1,15.5,19.8,16.0,3,20.7,14.6,17.7,92.3,25.0,18.1,21.5,82.9,14,28.5,20.8,24.7,58.6,3,3,80.0,23.0,15.5,19.3,595.8,13,-1.0,-1.0,13,0,-1.0,13,0,8,0,0,0,6,15.0,0,0,-1.0,701.0,665.0,27.0,1.0,0.0,0.0,1.28,94.86,1.35,677.0,24.0,3.55,1
34,30,15,19,12,24,1,21,4,5,0,6,6,9,17,0,6,2021.0,2021.0,25.7,1,2018.0,1,2019.0,0,19,0,24,0,-1.0,-1.0,234.0,12,1,30,0,1.4,25.7,-1.0,-1.0,-1.0,-1.0,-1.0,-1.0,-1.0,-1.0,0,-1.0,0,-1.0,-1.0,-1.0,0,-1.0,-1.0,-1.0,0,-1.0,-1.0,-1.0,-1.0,-1.0,-1.0,-1.0,-1.0,-1.0,-1.0,0,-1.0,0,-1.0,-1.0,-1.0,-1.0,-1.0,-1.0,0,-1.0,-1.0,-1.0,-1.0,-1.0,-1.0,-1.0,-1.0,9,-1.0,-1.0,-1.0,-1.0,0,0,170.0,-1.0,-1.0,-1.0,-1.0,9,123.0,144.0,33,1,118.0,15,0,3,0,10,8,0,-1.0,2,0,-1.0,23154.0,16154.0,6252.0,120.0,13.0,245.0,3.23,69.77,4.63,21115.0,2039.0,9.66,1
35,31,10,10,5,12,4,37,2,4,0,4,5,1,9,0,1,2018.0,2015.0,-1.0,0,-1.0,0,-1.0,0,22,0,9,0,37308.0,2016.0,48462.0,21,6,24,7,-1.0,-1.0,16.7,10.9,13.8,71.3,26.9,21.4,24.2,26.5,0,13.9,7,11.2,88.8,13.0,6,10.2,48.4,13.0,6,10.2,67.7,26.6,21.0,23.8,13.7,23.7,18.0,20.9,32.6,9,14.9,7,12.0,41.2,20.4,14.6,17.5,49.0,3,16.5,11.2,13.8,103.2,20.6,15.2,17.9,128.7,4,24.0,18.3,21.1,72.5,3,4,-1.0,19.2,13.6,16.4,743.6,0,1.0,145.0,6,0,3.0,3,0,0,0,0,12,0,-1.0,0,0,-1.0,116.0,104.0,8.0,0.0,0.0,0.0,3.45,89.66,3.85,109.0,7.0,6.42,1
36,32,0,11,12,22,7,22,2,4,0,4,5,0,9,8,6,2020.0,2020.0,34.1,1,2019.0,1,2019.0,2,1,0,22,0,-1.0,2011.0,124.0,30,7,1,0,2.6,34.1,-1.0,-1.0,-1.0,-1.0,-1.0,-1.0,-1.0,-1.0,0,-1.0,0,-1.0,-1.0,-1.0,0,-1.0,-1.0,-1.0,0,-1.0,-1.0,-1.0,-1.0,-1.0,-1.0,-1.0,-1.0,-1.0,-1.0,0,-1.0,0,-1.0,-1.0,-1.0,-1.0,-1.0,-1.0,0,-1.0,-1.0,-1.0,-1.0,-1.0,-1.0,-1.0,-1.0,0,-1.0,-1.0,-1.0,-1.0,0,0,150.0,-1.0,-1.0,-1.0,-1.0,6,73.0,153.0,7,0,63.0,0,0,1,0,0,10,0,-1.0,0,0,-1.0,2893.0,809.0,2039.0,94.0,2.0,70.0,1.56,27.96,5.56,2188.0,705.0,32.22,1
37,0,0,31,12,9,0,37,0,0,0,0,0,0,0,4,6,2021.0,2021.0,27.5,2,2020.0,1,2019.0,1,13,4,8,0,16655799.0,2011.0,-1.0,0,0,8,4,18.41,27.5,14.8,4.5,9.8,41.6,22.9,12.5,17.9,83.6,0,6.7,5,4.2,83.8,7.0,4,3.9,63.1,6.1,5,3.6,70.8,23.1,13.0,18.3,85.2,20.9,10.8,16.2,70.5,3,10.5,5,6.5,57.8,18.3,8.0,13.4,59.3,1,9.9,3.9,7.0,80.0,14.8,7.1,10.9,81.1,0,19.5,10.0,14.7,77.9,1,2,152.0,14.5,6.0,10.5,854.7,14,12.0,17.0,25,0,11.0,18,8,8,10,0,15,0,-1.0,0,6,2.0,-1.0,-1.0,-1.0,-1.0,-1.0,-1.0,-1.0,-1.0,-1.0,-1.0,-1.0,-1.0,0
38,33,0,18,12,1,0,37,2,4,0,4,5,43,18,7,6,2019.0,2019.0,30.7,1,2019.0,1,2019.0,0,21,0,0,5,2022547.0,2002.0,210.5,10,6,0,0,1.9,30.7,-1.0,-1.0,-1.0,-1.0,-1.0,-1.0,-1.0,-1.0,0,-1.0,0,-1.0,-1.0,-1.0,0,-1.0,-1.0,-1.0,0,-1.0,-1.0,-1.0,-1.0,-1.0,-1.0,-1.0,-1.0,-1.0,-1.0,0,-1.0,0,-1.0,-1.0,-1.0,-1.0,-1.0,-1.0,0,-1.0,-1.0,-1.0,-1.0,-1.0,-1.0,-1.0,-1.0,5,-1.0,-1.0,-1.0,-1.0,0,0,220.0,-1.0,-1.0,-1.0,-1.0,2,-1.0,-1.0,32,1,-1.0,0,0,1,0,0,0,4,-1.0,0,5,-1.0,10213.0,5564.0,4183.0,127.0,6.0,137.0,4.56,54.48,8.38,9249.0,964.0,10.42,1
39,34,12,21,12,28,5,23,2,4,0,4,5,11,19,7,6,2020.0,2020.0,25.4,2,2019.0,1,2019.0,8,26,5,0,0,-1.0,-1.0,36.26,24,8,27,9,5.32,25.4,-1.0,-1.0,-1.0,-1.0,-1.0,-1.0,-1.0,-1.0,0,-1.0,0,-1.0,-1.0,-1.0,0,-1.0,-1.0,-1.0,0,-1.0,-1.0,-1.0,-1.0,-1.0,-1.0,-1.0,-1.0,-1.0,-1.0,0,-1.0,0,-1.0,-1.0,-1.0,-1.0,-1.0,-1.0,0,-1.0,-1.0,-1.0,-1.0,-1.0,-1.0,-1.0,-1.0,6,-1.0,-1.0,-1.0,-1.0,0,0,220.0,-1.0,-1.0,-1.0,-1.0,0,4.0,33.0,28,0,6.0,10,0,8,0,8,21,0,-1.0,0,0,-1.0,9132.0,8752.0,125.0,15.0,0.0,0.0,2.79,95.84,2.91,9034.0,98.0,1.08,1
40,35,28,22,12,23,1,24,2,4,0,4,5,6,20,9,6,2021.0,2021.0,28.5,2,2019.0,1,2019.0,0,7,0,23,0,-1.0,-1.0,319.9,20,7,0,0,1.48,28.5,-1.0,-1.0,-1.0,-1.0,-1.0,-1.0,-1.0,-1.0,0,-1.0,0,-1.0,-1.0,-1.0,0,-1.0,-1.0,-1.0,0,-1.0,-1.0,-1.0,-1.0,-1.0,-1.0,-1.0,-1.0,-1.0,-1.0,0,-1.0,0,-1.0,-1.0,-1.0,-1.0,-1.0,-1.0,0,-1.0,-1.0,-1.0,-1.0,-1.0,-1.0,-1.0,-1.0,0,-1.0,-1.0,-1.0,-1.0,0,0,400.0,-1.0,-1.0,-1.0,-1.0,6,44.0,22.0,14,1,39.0,16,17,8,16,0,14,0,-1.0,2,0,-1.0,43402.0,32856.0,8870.0,337.0,5.0,103.0,3.86,75.7,5.1,40383.0,3019.0,7.48,1
41,36,0,10,4,0,1,25,6,13,15,0,2,35,9,9,6,2021.0,2021.0,31.9,1,2019.0,1,2019.0,0,18,0,0,0,10347892.0,2021.0,-1.0,0,0,22,0,1.2,31.9,-1.0,-1.0,-1.0,-1.0,-1.0,-1.0,-1.0,-1.0,7,-1.0,0,-1.0,-1.0,-1.0,0,-1.0,-1.0,-1.0,0,-1.0,-1.0,-1.0,-1.0,-1.0,-1.0,-1.0,-1.0,-1.0,-1.0,0,-1.0,0,-1.0,-1.0,-1.0,-1.0,-1.0,-1.0,0,-1.0,-1.0,-1.0,-1.0,-1.0,-1.0,-1.0,-1.0,0,-1.0,-1.0,-1.0,-1.0,0,0,5600.0,-1.0,-1.0,-1.0,-1.0,12,-1.0,-1.0,17,1,-1.0,7,0,1,0,0,0,0,-1.0,0,0,2.0,50299.0,35375.0,13205.0,135.0,2.0,158.0,3.42,70.33,4.86,48771.0,1528.0,3.13,1
42,37,3,24,12,24,6,26,4,5,0,6,6,41,21,7,6,2021.0,2021.0,33.8,1,2020.0,1,2019.0,7,2,0,25,1,20121641.0,2011.0,218.6,8,1,32,0,3.0,33.8,-1.0,-1.0,-1.0,-1.0,-1.0,-1.0,-1.0,-1.0,0,-1.0,0,-1.0,-1.0,-1.0,0,-1.0,-1.0,-1.0,0,-1.0,-1.0,-1.0,-1.0,-1.0,-1.0,-1.0,-1.0,-1.0,-1.0,0,-1.0,0,-1.0,-1.0,-1.0,-1.0,-1.0,-1.0,0,-1.0,-1.0,-1.0,-1.0,-1.0,-1.0,-1.0,-1.0,0,-1.0,-1.0,-1.0,-1.0,0,0,-1.0,-1.0,-1.0,-1.0,-1.0,6,56.0,47.0,19,1,44.0,0,4,1,17,0,16,0,-1.0,0,7,2.0,45902.0,25794.0,17902.0,1104.0,19.0,151.0,4.81,56.19,8.55,38139.0,7763.0,20.35,1
43,38,24,25,12,0,7,27,0,0,20,3,0,0,23,0,6,2021.0,2021.0,37.5,2,2018.0,1,2019.0,14,0,0,0,0,-1.0,-1.0,21.5,0,8,26,0,13.0,37.5,-1.0,-1.0,-1.0,-1.0,-1.0,-1.0,-1.0,-1.0,0,-1.0,0,-1.0,-1.0,-1.0,0,-1.0,-1.0,-1.0,0,-1.0,-1.0,-1.0,-1.0,-1.0,-1.0,-1.0,-1.0,-1.0,-1.0,0,-1.0,0,-1.0,-1.0,-1.0,-1.0,-1.0,-1.0,0,-1.0,-1.0,-1.0,-1.0,-1.0,-1.0,-1.0,-1.0,0,-1.0,-1.0,-1.0,-1.0,0,0,215.0,-1.0,-1.0,-1.0,-1.0,5,59.0,11.0,3,0,50.0,7,18,6,8,9,27,0,98.0,0,0,2.0,816680.0,602249.0,201097.0,5607.0,85.0,3077.0,1.63,73.74,2.21,776212.0,40468.0,5.21,1
44,39,11,10,2,15,4,37,2,4,17,4,5,0,9,0,6,2017.0,2017.0,-1.0,0,-1.0,0,2013.0,5,8,2,14,6,-1.0,-1.0,-1.0,16,8,7,2,0.0,-1.0,15.5,9.0,12.2,65.0,27.5,17.5,22.0,60.0,0,7.5,4,4.5,63.0,8.0,5,4.5,49.0,6.5,4,3.3,48.0,27.5,17.5,22.0,53.0,25.0,15.0,20.0,56.0,2,12.0,6,8.0,59.0,20.5,11.0,15.8,65.0,1,12.0,5.5,8.7,87.0,18.0,10.0,14.0,79.0,1,24.0,14.0,19.0,76.0,1,6,-1.0,-1.0,-1.0,-1.0,-1.0,0,13.0,174.0,0,0,11.0,0,0,0,0,0,13,0,-1.0,0,0,-1.0,699.0,657.0,0.0,0.0,0.0,0.0,6.01,93.99,6.39,699.0,0.0,0.0,1
45,40,0,26,12,25,7,28,2,4,0,4,7,0,22,0,4,2020.0,2020.0,33.3,1,2019.0,1,2019.0,0,34,0,26,0,-1.0,-1.0,211.0,36,7,0,0,-1.0,33.3,-1.0,-1.0,-1.0,-1.0,-1.0,-1.0,-1.0,-1.0,6,-1.0,0,-1.0,-1.0,-1.0,0,-1.0,-1.0,-1.0,0,-1.0,-1.0,-1.0,-1.0,-1.0,-1.0,-1.0,-1.0,-1.0,-1.0,0,-1.0,0,-1.0,-1.0,-1.0,-1.0,-1.0,-1.0,0,-1.0,-1.0,-1.0,-1.0,-1.0,-1.0,-1.0,-1.0,0,-1.0,-1.0,-1.0,-1.0,0,0,500.0,-1.0,-1.0,-1.0,-1.0,6,75.0,84.0,20,1,66.0,0,0,1,0,6,32,0,-1.0,0,0,2.0,24141.0,0.0,23598.0,411.0,9.0,0.0,2.25,0.0,0.0,21253.0,2888.0,13.59,1
46,41,0,10,12,26,1,40,2,4,0,4,5,17,9,9,6,2021.0,2021.0,22.8,2,2019.0,1,2019.0,0,1,0,27,4,5397036.0,2011.0,287.0,25,7,0,0,0.72,22.8,-1.0,-1.0,-1.0,-1.0,-1.0,-1.0,-1.0,-1.0,0,-1.0,0,-1.0,-1.0,-1.0,0,-1.0,-1.0,-1.0,0,-1.0,-1.0,-1.0,-1.0,-1.0,-1.0,-1.0,-1.0,-1.0,-1.0,0,-1.0,0,-1.0,-1.0,-1.0,-1.0,-1.0,-1.0,0,-1.0,-1.0,-1.0,-1.0,-1.0,-1.0,-1.0,-1.0,0,-1.0,-1.0,-1.0,-1.0,0,0,195.0,-1.0,-1.0,-1.0,-1.0,6,40.0,59.0,24,0,41.0,0,0,1,0,0,30,0,-1.0,0,0,-1.0,2181.0,1616.0,537.0,2.0,0.0,39.0,1.28,74.09,1.73,1980.0,201.0,10.15,1
47,42,25,10,12,27,7,0,2,4,0,4,5,37,9,5,6,2020.0,2020.0,23.5,1,2020.0,1,2019.0,0,32,0,28,0,1964036.0,2002.0,262.0,11,8,19,0,0.7,23.5,-1.0,-1.0,-1.0,-1.0,-1.0,-1.0,-1.0,-1.0,0,-1.0,0,-1.0,-1.0,-1.0,0,-1.0,-1.0,-1.0,0,-1.0,-1.0,-1.0,-1.0,-1.0,-1.0,-1.0,-1.0,-1.0,-1.0,0,-1.0,0,-1.0,-1.0,-1.0,-1.0,-1.0,-1.0,0,-1.0,-1.0,-1.0,-1.0,-1.0,-1.0,-1.0,-1.0,0,-1.0,-1.0,-1.0,-1.0,0,0,300.0,-1.0,-1.0,-1.0,-1.0,2,34.0,80.0,4,1,35.0,0,14,7,13,0,36,0,-1.0,0,9,-1.0,2087.0,1733.0,238.0,5.0,0.0,55.0,5.56,83.04,6.69,1953.0,134.0,6.86,1
48,43,0,10,12,0,7,29,7,13,21,12,1,18,9,9,6,2021.0,2021.0,33.0,1,2019.0,1,2019.0,0,0,0,0,0,0.0,2020.0,243.0,0,0,28,0,0.89,33.0,-1.0,-1.0,-1.0,-1.0,-1.0,-1.0,-1.0,-1.0,0,-1.0,0,-1.0,-1.0,-1.0,0,-1.0,-1.0,-1.0,0,-1.0,-1.0,-1.0,-1.0,-1.0,-1.0,-1.0,-1.0,-1.0,-1.0,0,-1.0,0,-1.0,-1.0,-1.0,-1.0,-1.0,-1.0,0,-1.0,-1.0,-1.0,-1.0,-1.0,-1.0,-1.0,-1.0,0,-1.0,-1.0,-1.0,-1.0,0,0,166.0,-1.0,-1.0,-1.0,-1.0,0,26.0,13.0,0,0,32.0,7,6,10,4,0,11,0,103.0,2,2,-1.0,272421.0,150376.0,93613.0,0.0,0.0,0.0,10.44,55.2,18.91,264836.0,7585.0,2.86,1
49,44,0,27,12,29,1,30,2,4,0,4,5,15,24,2,6,2020.0,2020.0,26.9,1,2020.0,1,2019.0,0,34,1,29,0,-1.0,-1.0,65.0,2,10,32,1,8.37,26.9,-1.0,-1.0,-1.0,-1.0,-1.0,-1.0,-1.0,-1.0,0,-1.0,0,-1.0,-1.0,-1.0,0,-1.0,-1.0,-1.0,0,-1.0,-1.0,-1.0,-1.0,-1.0,-1.0,-1.0,-1.0,-1.0,-1.0,0,-1.0,0,-1.0,-1.0,-1.0,-1.0,-1.0,-1.0,0,-1.0,-1.0,-1.0,-1.0,-1.0,-1.0,-1.0,-1.0,12,-1.0,-1.0,-1.0,-1.0,0,0,-1.0,-1.0,-1.0,-1.0,-1.0,13,12.0,23.0,26,0,16.0,5,0,6,0,0,18,0,-1.0,0,8,-1.0,79395.0,0.0,73695.0,398.0,3.0,0.0,7.18,0.0,0.0,78048.0,1347.0,1.73,1
50,45,31,28,11,15,1,31,2,4,0,4,5,12,7,7,6,2020.0,2020.0,29.7,1,2018.0,1,2019.0,0,10,0,0,2,8327126.0,2015.0,-1.0,40,6,25,0,4.34,29.7,-1.0,-1.0,-1.0,-1.0,-1.0,-1.0,-1.0,-1.0,0,-1.0,0,-1.0,-1.0,-1.0,0,-1.0,-1.0,-1.0,0,-1.0,-1.0,-1.0,-1.0,-1.0,-1.0,-1.0,-1.0,-1.0,-1.0,0,-1.0,0,-1.0,-1.0,-1.0,-1.0,-1.0,-1.0,0,-1.0,-1.0,-1.0,-1.0,-1.0,-1.0,-1.0,-1.0,0,-1.0,-1.0,-1.0,-1.0,0,0,300.0,-1.0,-1.0,-1.0,-1.0,13,2.0,20.0,27,0,9.0,0,16,7,5,0,17,0,19.0,0,1,-1.0,34477.0,30900.0,1599.0,65.0,1.0,200.0,5.74,89.62,6.4,33634.0,843.0,2.51,1
51,46,30,29,12,30,1,32,0,12,19,9,0,34,25,0,6,2018.0,2018.0,34.0,0,2015.0,1,2019.0,5,34,0,30,0,-1.0,-1.0,125.8,42,7,31,0,1.8,34.0,-1.0,-1.0,-1.0,-1.0,-1.0,-1.0,-1.0,-1.0,0,-1.0,0,-1.0,-1.0,-1.0,0,-1.0,-1.0,-1.0,0,-1.0,-1.0,-1.0,-1.0,-1.0,-1.0,-1.0,-1.0,-1.0,-1.0,0,-1.0,0,-1.0,-1.0,-1.0,-1.0,-1.0,-1.0,0,-1.0,-1.0,-1.0,-1.0,-1.0,-1.0,-1.0,-1.0,16,-1.0,-1.0,-1.0,-1.0,0,0,-1.0,-1.0,-1.0,-1.0,-1.0,5,164.0,147.0,30,1,155.0,8,1,0,18,0,7,0,-1.0,0,0,-1.0,7235.0,6028.0,1147.0,43.0,1.0,58.0,0.83,83.32,1.0,6921.0,314.0,4.54,1
52,47,0,30,3,31,6,33,0,10,0,7,0,25,26,7,6,2021.0,2021.0,39.7,1,2018.0,1,2019.0,0,0,0,31,0,-1.0,-1.0,262.0,39,2,0,0,2.03,39.7,-1.0,-1.0,-1.0,-1.0,-1.0,-1.0,-1.0,-1.0,0,-1.0,0,-1.0,-1.0,-1.0,0,-1.0,-1.0,-1.0,0,-1.0,-1.0,-1.0,-1.0,-1.0,-1.0,-1.0,-1.0,-1.0,-1.0,0,-1.0,0,-1.0,-1.0,-1.0,-1.0,-1.0,-1.0,0,-1.0,-1.0,-1.0,-1.0,-1.0,-1.0,-1.0,-1.0,0,-1.0,-1.0,-1.0,-1.0,0,0,250.0,-1.0,-1.0,-1.0,-1.0,10,67.0,20.0,29,0,45.0,19,0,0,0,0,2,0,56.0,0,0,-1.0,227019.0,210469.0,10920.0,919.0,17.0,982.0,2.48,92.71,2.67,220572.0,6447.0,2.92,1
53,48,0,32,12,32,1,34,4,5,0,6,6,21,27,0,4,2020.0,2020.0,26.6,2,2019.0,1,2019.0,0,34,0,32,0,48457102.0,2001.0,191.0,0,11,32,0,7.0,26.6,-1.0,-1.0,-1.0,-1.0,-1.0,-1.0,-1.0,-1.0,0,-1.0,0,-1.0,-1.0,-1.0,0,-1.0,-1.0,-1.0,0,-1.0,-1.0,-1.0,-1.0,-1.0,-1.0,-1.0,-1.0,-1.0,-1.0,0,-1.0,0,-1.0,-1.0,-1.0,-1.0,-1.0,-1.0,0,-1.0,-1.0,-1.0,-1.0,-1.0,-1.0,-1.0,-1.0,0,-1.0,-1.0,-1.0,-1.0,0,0,1517.0,-1.0,-1.0,-1.0,-1.0,1,119.0,56.0,33,1,108.0,0,0,7,0,0,20,0,-1.0,0,0,-1.0,67096.0,37202.0,28258.0,835.0,11.0,317.0,2.44,55.45,4.4,60767.0,6329.0,10.42,1
54,49,6,23,12,0,7,36,8,13,0,0,2,42,10,0,2,2021.0,2021.0,36.6,2,2019.0,1,2019.0,10,4,0,0,0,63182178.0,2011.0,701.2,34,7,2,0,1.51,36.6,-1.0,-1.0,-1.0,-1.0,-1.0,-1.0,-1.0,-1.0,1,-1.0,0,-1.0,-1.0,-1.0,0,-1.0,-1.0,-1.0,0,-1.0,-1.0,-1.0,-1.0,-1.0,-1.0,-1.0,-1.0,-1.0,-1.0,0,-1.0,0,-1.0,-1.0,-1.0,-1.0,-1.0,-1.0,0,-1.0,-1.0,-1.0,-1.0,-1.0,-1.0,-1.0,-1.0,15,-1.0,-1.0,-1.0,-1.0,0,0,250.0,-1.0,-1.0,-1.0,-1.0,6,21.0,5.0,34,0,24.0,7,7,1,9,0,1,0,33.0,0,0,-1.0,301708.0,1437.0,254427.0,688.0,7.0,3.0,15.19,0.48,3190.26,296944.0,4764.0,1.6,1
55,50,29,33,9,33,0,35,0,11,22,9,0,13,28,0,6,2020.0,2020.0,36.7,1,2013.0,1,2019.0,5,15,0,33,0,-1.0,-1.0,182.8,17,7,6,0,4.9,36.7,-1.0,-1.0,-1.0,-1.0,-1.0,-1.0,-1.0,-1.0,0,-1.0,0,-1.0,-1.0,-1.0,0,-1.0,-1.0,-1.0,0,-1.0,-1.0,-1.0,-1.0,-1.0,-1.0,-1.0,-1.0,-1.0,-1.0,0,-1.0,0,-1.0,-1.0,-1.0,-1.0,-1.0,-1.0,0,-1.0,-1.0,-1.0,-1.0,-1.0,-1.0,-1.0,-1.0,17,-1.0,-1.0,-1.0,-1.0,0,0,-1.0,-1.0,-1.0,-1.0,-1.0,15,144.0,78.0,30,0,113.0,2,11,0,12,0,26,0,88.0,0,0,-1.0,21209.0,11674.0,9414.0,678.0,5.0,569.0,0.57,55.04,1.04,17149.0,4060.0,23.67,1
